{"cameraMode":{"drawMode":0,"name":"Shaded","section":"Shading Mode"},"sceneLighting":true,"audioPlay":false,"sceneViewState":{"showFog":true,"showMaterialUpdate":true,"showSkybox":true,"showFlares":true,"showImageEffects":true,"showParticleSystems":true},"in2DMode":false,"pivot":{"x":0.6365442276000977,"y":-3.1949501037597658,"z":4.0425801277160648},"rotation":{"x":0.22879773378372193,"y":-0.7679006457328796,"z":0.37975868582725527,"w":0.4624783992767334},"size":10.164507865905762,"orthographic":false}