{"cameraMode":{"drawMode":0,"name":"Shaded","section":"Shading Mode"},"sceneLighting":true,"audioPlay":false,"sceneViewState":{"showFog":true,"showMaterialUpdate":false,"showSkybox":true,"showFlares":true,"showImageEffects":true,"showParticleSystems":true},"in2DMode":false,"pivot":{"x":5.485416412353516,"y":-1.3328876495361329,"z":-3.5611658096313478},"rotation":{"x":-0.008944470435380936,"y":0.9479711055755615,"z":-0.31710630655288699,"w":-0.02673896960914135},"size":12.236532211303711,"orthographic":false}